{"LevelNumber":12,"BallAmount":1,"DrawAmount":2,"FadeAmount":0,"TopBackgroundColorHex":"5555FF","BottomBackgroundColorHex":"FF6D6D","BallIndicatorPosition":{"x":-16.780000686645509,"y":0.09000000357627869},"ListBalloonData":[{"Position":{"x":15.270000457763672,"y":-0.10999999940395355,"z":0.0},"Scale":{"x":2.0,"y":2.0,"z":1.0},"HexColor":"FF1A00"}],"ListObstacleData":[],"ListBlackHoleData":[{"BlackHoleID":"Black_Hole_3","Position":{"x":2.799999952316284,"y":-0.10999999940395355,"z":0.0}},{"BlackHoleID":"Black_Hole_2","Position":{"x":-6.179999828338623,"y":0.05791989713907242,"z":0.0}}],"ListSpinnerData":[],"ListBombData":[],"ListDoorData":[]}