{"LevelNumber":2,"BallAmount":1,"DrawAmount":0,"FadeAmount":0,"TopBackgroundColorHex":"5555FF","BottomBackgroundColorHex":"FF6D6D","BallIndicatorPosition":{"x":-13.0,"y":0.09000000357627869},"ListBalloonData":[{"Position":{"x":9.949999809265137,"y":0.05999999865889549,"z":0.0},"Scale":{"x":2.0,"y":2.0,"z":1.0},"HexColor":"FFEA00"}],"ListObstacleData":[{"ObstacleID":"Obstacle_0","Position":{"x":0.0210999995470047,"y":11.920900344848633,"z":0.0},"Angles":{"x":0.0,"y":0.0,"z":0.0},"Scale":{"x":17.5872745513916,"y":0.6767335534095764,"z":1.0},"HexColor":"323232"},{"ObstacleID":"Obstacle_0","Position":{"x":-0.09269999712705612,"y":-3.540299892425537,"z":0.0},"Angles":{"x":0.0,"y":0.0,"z":0.0},"Scale":{"x":0.655252993106842,"y":6.796534061431885,"z":1.0},"HexColor":"323232"},{"ObstacleID":"Obstacle_0","Position":{"x":11.640399932861329,"y":-11.44260025024414,"z":0.0},"Angles":{"x":0.0,"y":0.0,"z":0.0},"Scale":{"x":8.509834289550782,"y":0.6227418780326843,"z":1.0},"HexColor":"323232"},{"ObstacleID":"Obstacle_0","Position":{"x":21.48859977722168,"y":-0.5145999789237976,"z":0.0},"Angles":{"x":0.0,"y":0.0,"z":0.0},"Scale":{"x":0.6876224875450134,"y":9.160368919372559,"z":1.0},"HexColor":"323232"}],"ListBlackHoleData":[],"ListSpinnerData":[],"ListBombData":[],"ListDoorData":[]}