{"LevelNumber":6,"BallAmount":1,"DrawAmount":1,"FadeAmount":0,"TopBackgroundColorHex":"5555FF","BottomBackgroundColorHex":"FF6D6D","BallIndicatorPosition":{"x":-13.0,"y":0.09000000357627869},"ListBalloonData":[{"Position":{"x":5.809999942779541,"y":-3.640000104904175,"z":0.0},"Scale":{"x":2.0,"y":2.0,"z":1.0},"HexColor":"FF1A00"}],"ListObstacleData":[{"ObstacleID":"Obstacle_0","Position":{"x":-0.09269999712705612,"y":-3.540299892425537,"z":0.0},"Angles":{"x":0.0,"y":0.0,"z":0.0},"Scale":{"x":0.655252993106842,"y":6.796534061431885,"z":1.0},"HexColor":"323232"},{"ObstacleID":"Obstacle_0","Position":{"x":5.670000076293945,"y":4.279300212860107,"z":0.0},"Angles":{"x":0.0,"y":0.0,"z":0.0},"Scale":{"x":3.9089317321777345,"y":0.6872220039367676,"z":1.0},"HexColor":"323232"}],"ListBlackHoleData":[],"ListSpinnerData":[],"ListBombData":[],"ListDoorData":[]}