{"LevelNumber":7,"BallAmount":1,"DrawAmount":0,"FadeAmount":2,"TopBackgroundColorHex":"5555FF","BottomBackgroundColorHex":"FF6D6D","BallIndicatorPosition":{"x":-13.0,"y":0.09000000357627869},"ListBalloonData":[{"Position":{"x":11.770000457763672,"y":-3.640000104904175,"z":0.0},"Scale":{"x":2.0,"y":2.0,"z":1.0},"HexColor":"FF1A00"}],"ListObstacleData":[{"ObstacleID":"Obstacle_0","Position":{"x":9.021300315856934,"y":-11.399999618530274,"z":0.0},"Angles":{"x":0.0,"y":0.0,"z":0.0},"Scale":{"x":6.527134418487549,"y":0.7733995914459229,"z":1.0},"HexColor":"323232"},{"ObstacleID":"Obstacle_0","Position":{"x":9.021300315856934,"y":4.169000148773193,"z":0.0},"Angles":{"x":0.0,"y":0.0,"z":0.0},"Scale":{"x":6.527134418487549,"y":0.7733995914459229,"z":1.0},"HexColor":"323232"},{"ObstacleID":"Obstacle_0","Position":{"x":-0.09269999712705612,"y":-3.540299892425537,"z":0.0},"Angles":{"x":0.0,"y":0.0,"z":0.0},"Scale":{"x":0.655252993106842,"y":6.796534061431885,"z":1.0},"HexColor":"323232"},{"ObstacleID":"Obstacle_0","Position":{"x":17.959999084472658,"y":-3.540299892425537,"z":0.0},"Angles":{"x":0.0,"y":0.0,"z":0.0},"Scale":{"x":0.655252993106842,"y":6.796534061431885,"z":1.0},"HexColor":"323232"}],"ListBlackHoleData":[],"ListSpinnerData":[],"ListBombData":[],"ListDoorData":[]}